{
  "visual": {
    "name": "customMap",
    "displayName": "Custom Map",
    "guid": "custommap5A89ADFB5F694F71AB6D00C94383BB2B",
    "visualClassName": "Visual",
    "version": "1.0.0",
    "description": "",
    "supportUrl": "",
    "gitHubUrl": ""
  },
  "apiVersion": "1.10.0",
  "author": {
    "name": "",
    "email": ""
  },
  "assets": {
    "icon": "assets/icon.png"
  },
  "externalJS": [
    "node_modules/powerbi-visuals-utils-dataviewutils/lib/index.js",
    "node_modules/d3/d3.min.js",
    "node_modules/fix.js",
    "node_modules/leaflet/dist/leaflet.js"
  ],
  "style": "style/visual.less",
  "capabilities": "capabilities.json",
  "dependencies": "dependencies.json",
  "stringResources": []
}